experiment_name,dataset_type,method,method_id,best_iteration,elapsed_seconds,snr,snr_input,snr_gain,psnr,ssim,residual_energy
benchmark_1500_current,synthetic,Standard DIP,standard_dip,638,720.1409199237823,10.157921074700567,5.226967462011347,4.930953612689221,32.71413544078604,0.9494257355972359,0.0029401034116744995
benchmark_1500_current,synthetic,DRP-DIP,drp_dip,698,533.1368560791016,5.445326523593913,5.226967462011347,0.21835906158256613,28.001540889679323,0.6702870814985699,0.00019686552695930004
benchmark_1500_current,synthetic,AS-DIP,as_dip,1074,568.3071818351746,9.416598670098313,5.226967462011347,4.189631208086967,31.972813036183766,0.9410379645687839,0.0019793743267655373
